null,120
null,120
null,120
null,120
null,120
null,120
null,120
null,120
null,120
null,120
null,120
null,120
null,120
null,120
null,120
null,120
null,120
null,120
null,120
null,120
null,120
null,120
null,120
null,120
null,120
null,120
null,120
null,120
null,120
null,120
null,120
null,120
null,120
null,120
null,120
null,120
null,120
null,120
null,120
null,120
null,120
null,120
null,120
null,120
null,120
null,120
null,120
null,120
null,120
null,120
null,120
null,120
null,120
null,120
null,120
null,120
null,120
null,120
null,120
null,120
null,120
null,120
null,120
null,120
null,120
null,120
null,120
null,120
null,120
null,120
null,120
null,120
null,120
null,120
null,120
null,120
null,120
null,120
null,120
null,120
null,120
null,120
null,120
null,120
null,120
null,120
null,120
null,120
null,120
null,120
null,120
null,120
null,120
null,120
null,120
null,120
null,120
null,120
null,120
null,120
null,120
null,120
null,120
null,120
null,120
null,120
null,120
null,120
null,120
null,120
null,120
null,120
null,120
null,120
null,120
null,120
null,120
null,120
null,120
null,120
null,120
null,120
null,120
null,120
null,120
null,120
null,120
null,120
null,120
null,120
null,120
null,120
null,120
null,120
null,120
null,120
null,120
null,120
null,120
null,120
null,120
null,120
null,120
null,120
null,120
null,120
null,120
null,120
null,120
null,120
null,120
null,120
null,120
null,120
null,120
null,120
null,120
null,120
null,120
null,120
null,120
null,120
null,120
null,120
null,120
null,120
null,120
null,120
null,120
null,120
null,120
null,120
null,120
null,120
null,120
null,120
null,120
null,120
null,120
null,120
null,120
null,120
null,120
null,120
null,120
null,120
null,120
null,120
null,120
null,120
null,120
null,120
null,120
null,120
null,120
null,120
null,120
null,120
null,120
null,120
null,120
null,120
null,120
null,120
null,120
null,120
null,120
null,120
null,120
null,120
null,120
null,120
null,120
null,120
null,120
null,120
null,120
null,120
null,120
null,120
null,120
null,120
null,120
null,120
null,120
null,120
null,120
null,120
null,120
null,120
null,120
null,120
null,120
null,120
null,120
null,120
null,120
null,120
null,120
null,120
null,120
null,120
null,120
null,120
null,120
null,120
null,120
null,120
null,120
null,120
null,120
null,120
null,120
null,120
null,120
null,120
null,120
null,120
null,120
null,120
null,120
null,120
null,120
null,120
null,120
null,120
null,120
null,120
null,120
null,120
null,120
null,120
null,120
null,120
null,120
null,120
null,120
null,120
null,120
null,120
null,120
null,120
null,120
null,120
null,120
null,120
null,120
null,120
null,120
null,120
null,120
null,120
null,120
null,120
null,120
null,120
null,120
null,120
null,120
null,120
null,120
null,120
null,120
null,120
null,120
null,120
null,120
null,120
null,120
null,120
null,120
null,120
null,120
null,120
null,120
null,120
null,120
null,120
null,120
null,120
null,120
null,120
null,120
null,120
null,120
null,120
null,120
null,120
null,120
null,120
null,120
null,120
null,120
null,120
null,120
null,120
null,120
null,741
null,718
null,423
null,1178
